day,entry_ts,rule_name,structure,legs,entry_spot,entry_net_credit,exit_ts,exit_spot,exit_net_credit,exit_reason,pnl_per_lot,bars_held
2026-01-28,2026-01-28 11:00:00+05:30,auto_iron_condor,iron_condor,"[{'action': 'SELL', 'strike': 25050, 'option_type': 'PE', 'premium': 3.91, 'iv': 0.13}, {'action': 'BUY', 'strike': 24850, 'option_type': 'PE', 'premium': 0.14, 'iv': 0.13}, {'action': 'SELL', 'strike': 25600, 'option_type': 'CE', 'premium': 4.18, 'iv': 0.13}, {'action': 'BUY', 'strike': 25800, 'option_type': 'CE', 'premium': 0.17, 'iv': 0.13}]",25321.1,7.78,2026-01-28 13:40:00+05:30,25208.35,16.85,stop,-680.29,32
2026-02-03,2026-02-03 11:00:00+05:30,auto_iron_condor,iron_condor,"[{'action': 'SELL', 'strike': 25400, 'option_type': 'PE', 'premium': 5.25, 'iv': 0.13}, {'action': 'BUY', 'strike': 25200, 'option_type': 'PE', 'premium': 0.56, 'iv': 0.13}, {'action': 'SELL', 'strike': 26200, 'option_type': 'CE', 'premium': 6.01, 'iv': 0.13}, {'action': 'BUY', 'strike': 26400, 'option_type': 'CE', 'premium': 0.73, 'iv': 0.13}]",25794.0,9.97,2026-02-04 12:25:00+05:30,25748.0,2.45,target,564.15,92
2026-02-04,2026-02-04 12:30:00+05:30,auto_iron_condor,iron_condor,"[{'action': 'SELL', 'strike': 25450, 'option_type': 'PE', 'premium': 3.32, 'iv': 0.13}, {'action': 'BUY', 'strike': 25250, 'option_type': 'PE', 'premium': 0.11, 'iv': 0.13}, {'action': 'SELL', 'strike': 26000, 'option_type': 'CE', 'premium': 5.65, 'iv': 0.13}, {'action': 'BUY', 'strike': 26200, 'option_type': 'CE', 'premium': 0.27, 'iv': 0.13}]",25738.5,8.59,2026-02-05 09:15:00+05:30,25727.35,0.05,target,640.3,36
2026-02-10,2026-02-10 11:00:00+05:30,auto_iron_condor,iron_condor,"[{'action': 'SELL', 'strike': 25550, 'option_type': 'PE', 'premium': 4.43, 'iv': 0.13}, {'action': 'BUY', 'strike': 25350, 'option_type': 'PE', 'premium': 0.46, 'iv': 0.13}, {'action': 'SELL', 'strike': 26350, 'option_type': 'CE', 'premium': 7.47, 'iv': 0.13}, {'action': 'BUY', 'strike': 26550, 'option_type': 'CE', 'premium': 0.98, 'iv': 0.13}]",25964.6,10.46,2026-02-11 11:05:00+05:30,25942.55,2.52,target,595.72,76
2026-02-11,2026-02-11 11:10:00+05:30,auto_iron_condor,iron_condor,"[{'action': 'SELL', 'strike': 25650, 'option_type': 'PE', 'premium': 2.67, 'iv': 0.13}, {'action': 'BUY', 'strike': 25500, 'option_type': 'PE', 'premium': 0.23, 'iv': 0.13}, {'action': 'SELL', 'strike': 26250, 'option_type': 'CE', 'premium': 3.9, 'iv': 0.13}, {'action': 'BUY', 'strike': 26450, 'option_type': 'CE', 'premium': 0.17, 'iv': 0.13}]",25956.95,6.17,2026-02-12 09:15:00+05:30,25855.25,0.32,target,438.84,52
2026-02-17,2026-02-17 11:00:00+05:30,auto_iron_condor,iron_condor,"[{'action': 'SELL', 'strike': 25300, 'option_type': 'PE', 'premium': 6.68, 'iv': 0.13}, {'action': 'BUY', 'strike': 25100, 'option_type': 'PE', 'premium': 0.76, 'iv': 0.13}, {'action': 'SELL', 'strike': 26050, 'option_type': 'CE', 'premium': 7.22, 'iv': 0.13}, {'action': 'BUY', 'strike': 26250, 'option_type': 'CE', 'premium': 0.92, 'iv': 0.13}]",25666.55,12.22,2026-02-18 13:50:00+05:30,25700.0,2.69,target,714.54,109
2026-02-18,2026-02-18 13:55:00+05:30,auto_iron_condor,iron_condor,"[{'action': 'SELL', 'strike': 25450, 'option_type': 'PE', 'premium': 4.03, 'iv': 0.13}, {'action': 'BUY', 'strike': 25250, 'option_type': 'PE', 'premium': 0.15, 'iv': 0.13}, {'action': 'SELL', 'strike': 26000, 'option_type': 'CE', 'premium': 4.7, 'iv': 0.13}, {'action': 'BUY', 'strike': 26200, 'option_type': 'CE', 'premium': 0.21, 'iv': 0.13}]",25724.3,8.37,2026-02-19 09:15:00+05:30,25853.9,2.04,target,474.39,19
2026-02-24,2026-02-24 11:00:00+05:30,auto_iron_condor,iron_condor,"[{'action': 'SELL', 'strike': 25100, 'option_type': 'PE', 'premium': 5.43, 'iv': 0.13}, {'action': 'BUY', 'strike': 24900, 'option_type': 'PE', 'premium': 0.57, 'iv': 0.13}, {'action': 'SELL', 'strike': 25850, 'option_type': 'CE', 'premium': 8.25, 'iv': 0.13}, {'action': 'BUY', 'strike': 26050, 'option_type': 'CE', 'premium': 1.07, 'iv': 0.13}]",25484.65,12.04,2026-02-25 12:45:00+05:30,25467.85,2.64,target,705.28,96
2026-02-25,2026-02-25 12:50:00+05:30,auto_iron_condor,iron_condor,"[{'action': 'SELL', 'strike': 25200, 'option_type': 'PE', 'premium': 3.55, 'iv': 0.13}, {'action': 'BUY', 'strike': 25000, 'option_type': 'PE', 'premium': 0.12, 'iv': 0.13}, {'action': 'SELL', 'strike': 25750, 'option_type': 'CE', 'premium': 4.85, 'iv': 0.13}, {'action': 'BUY', 'strike': 25950, 'option_type': 'CE', 'premium': 0.21, 'iv': 0.13}]",25480.1,8.07,2026-02-26 09:15:00+05:30,25535.1,0.24,target,586.99,32
2026-03-04,2026-03-04 11:00:00+05:30,auto_iron_condor,iron_condor,"[{'action': 'SELL', 'strike': 24150, 'option_type': 'PE', 'premium': 3.29, 'iv': 0.13}, {'action': 'BUY', 'strike': 24000, 'option_type': 'PE', 'premium': 0.26, 'iv': 0.13}, {'action': 'SELL', 'strike': 24700, 'option_type': 'CE', 'premium': 3.49, 'iv': 0.13}, {'action': 'BUY', 'strike': 24900, 'option_type': 'CE', 'premium': 0.12, 'iv': 0.13}]",24420.7,6.4,2026-03-04 14:10:00+05:30,24554.95,18.97,stop,-942.85,38
2026-03-10,2026-03-10 11:00:00+05:30,auto_iron_condor,iron_condor,"[{'action': 'SELL', 'strike': 23850, 'option_type': 'PE', 'premium': 5.87, 'iv': 0.13}, {'action': 'BUY', 'strike': 23650, 'option_type': 'PE', 'premium': 0.56, 'iv': 0.13}, {'action': 'SELL', 'strike': 24550, 'option_type': 'CE', 'premium': 7.8, 'iv': 0.13}, {'action': 'BUY', 'strike': 24750, 'option_type': 'CE', 'premium': 0.9, 'iv': 0.13}]",24202.65,12.21,2026-03-11 13:10:00+05:30,23929.65,30.66,stop,-1383.54,101
2026-03-11,2026-03-11 13:15:00+05:30,auto_iron_condor,iron_condor,"[{'action': 'SELL', 'strike': 23700, 'option_type': 'PE', 'premium': 4.76, 'iv': 0.13}, {'action': 'BUY', 'strike': 23500, 'option_type': 'PE', 'premium': 0.15, 'iv': 0.13}, {'action': 'SELL', 'strike': 24200, 'option_type': 'CE', 'premium': 4.09, 'iv': 0.13}, {'action': 'BUY', 'strike': 24400, 'option_type': 'CE', 'premium': 0.13, 'iv': 0.13}]",23938.75,8.57,2026-03-12 09:15:00+05:30,23563.15,127.36,stop,-8909.51,27
2026-03-18,2026-03-18 11:00:00+05:30,auto_iron_condor,iron_condor,"[{'action': 'SELL', 'strike': 23500, 'option_type': 'PE', 'premium': 2.33, 'iv': 0.13}, {'action': 'BUY', 'strike': 23350, 'option_type': 'PE', 'premium': 0.15, 'iv': 0.13}, {'action': 'SELL', 'strike': 24050, 'option_type': 'CE', 'premium': 3.73, 'iv': 0.13}, {'action': 'BUY', 'strike': 24250, 'option_type': 'CE', 'premium': 0.12, 'iv': 0.13}]",23784.4,5.79,2026-03-19 09:15:00+05:30,23289.5,139.2,stop,-10005.65,54
2026-03-24,2026-03-24 11:00:00+05:30,auto_iron_condor,iron_condor,"[{'action': 'SELL', 'strike': 22350, 'option_type': 'PE', 'premium': 5.6, 'iv': 0.13}, {'action': 'BUY', 'strike': 22150, 'option_type': 'PE', 'premium': 0.45, 'iv': 0.13}, {'action': 'SELL', 'strike': 23000, 'option_type': 'CE', 'premium': 7.63, 'iv': 0.13}, {'action': 'BUY', 'strike': 23200, 'option_type': 'CE', 'premium': 0.75, 'iv': 0.13}]",22678.8,12.03,2026-03-24 11:55:00+05:30,22806.9,24.17,stop,-910.49,11
2026-03-25,2026-03-25 11:00:00+05:30,auto_iron_condor,iron_condor,"[{'action': 'SELL', 'strike': 23100, 'option_type': 'PE', 'premium': 2.11, 'iv': 0.13}, {'action': 'BUY', 'strike': 22950, 'option_type': 'PE', 'premium': 0.13, 'iv': 0.13}, {'action': 'SELL', 'strike': 23650, 'option_type': 'CE', 'premium': 3.45, 'iv': 0.13}, {'action': 'BUY', 'strike': 23800, 'option_type': 'CE', 'premium': 0.27, 'iv': 0.13}]",23384.8,5.16,2026-03-27 09:15:00+05:30,23041.8,58.18,stop,-3976.87,54
2026-04-01,2026-04-01 11:00:00+05:30,auto_iron_condor,iron_condor,"[{'action': 'SELL', 'strike': 22500, 'option_type': 'PE', 'premium': 3.22, 'iv': 0.13}, {'action': 'BUY', 'strike': 22350, 'option_type': 'PE', 'premium': 0.21, 'iv': 0.13}, {'action': 'SELL', 'strike': 23000, 'option_type': 'CE', 'premium': 3.74, 'iv': 0.13}, {'action': 'BUY', 'strike': 23150, 'option_type': 'CE', 'premium': 0.28, 'iv': 0.13}]",22749.1,6.47,2026-04-01 12:00:00+05:30,22838.75,14.48,stop,-601.01,12
2026-04-08,2026-04-08 11:00:00+05:30,auto_iron_condor,iron_condor,"[{'action': 'SELL', 'strike': 23750, 'option_type': 'PE', 'premium': 4.57, 'iv': 0.13}, {'action': 'BUY', 'strike': 23550, 'option_type': 'PE', 'premium': 0.14, 'iv': 0.13}, {'action': 'SELL', 'strike': 24250, 'option_type': 'CE', 'premium': 4.35, 'iv': 0.13}, {'action': 'BUY', 'strike': 24450, 'option_type': 'CE', 'premium': 0.15, 'iv': 0.13}]",23992.35,8.63,2026-04-09 09:15:00+05:30,23937.15,0.33,target,622.56,54
2026-04-15,2026-04-15 11:00:00+05:30,auto_iron_condor,iron_condor,"[{'action': 'SELL', 'strike': 23950, 'option_type': 'PE', 'premium': 3.71, 'iv': 0.13}, {'action': 'BUY', 'strike': 23750, 'option_type': 'PE', 'premium': 0.11, 'iv': 0.13}, {'action': 'SELL', 'strike': 24500, 'option_type': 'CE', 'premium': 2.84, 'iv': 0.13}, {'action': 'BUY', 'strike': 24650, 'option_type': 'CE', 'premium': 0.23, 'iv': 0.13}]",24209.6,6.21,2026-04-16 09:30:00+05:30,24358.3,1.55,target,349.84,57
2026-04-21,2026-04-21 11:00:00+05:30,auto_iron_condor,iron_condor,"[{'action': 'SELL', 'strike': 24200, 'option_type': 'PE', 'premium': 6.27, 'iv': 0.13}, {'action': 'BUY', 'strike': 24000, 'option_type': 'PE', 'premium': 0.63, 'iv': 0.13}, {'action': 'SELL', 'strike': 24900, 'option_type': 'CE', 'premium': 8.28, 'iv': 0.13}, {'action': 'BUY', 'strike': 25100, 'option_type': 'CE', 'premium': 1.0, 'iv': 0.13}]",24552.5,12.92,2026-04-23 09:15:00+05:30,24201.35,32.09,stop,-1437.59,129
2026-04-29,2026-04-29 11:00:00+05:30,auto_iron_condor,iron_condor,"[{'action': 'SELL', 'strike': 24000, 'option_type': 'PE', 'premium': 2.91, 'iv': 0.13}, {'action': 'BUY', 'strike': 23850, 'option_type': 'PE', 'premium': 0.21, 'iv': 0.13}, {'action': 'SELL', 'strike': 24550, 'option_type': 'CE', 'premium': 3.71, 'iv': 0.13}, {'action': 'BUY', 'strike': 24750, 'option_type': 'CE', 'premium': 0.12, 'iv': 0.13}]",24277.05,6.29,2026-04-29 15:15:00+05:30,24158.1,12.84,stop,-491.04,51
2026-05-05,2026-05-05 11:00:00+05:30,auto_iron_condor,iron_condor,"[{'action': 'SELL', 'strike': 23600, 'option_type': 'PE', 'premium': 5.64, 'iv': 0.13}, {'action': 'BUY', 'strike': 23400, 'option_type': 'PE', 'premium': 0.52, 'iv': 0.13}, {'action': 'SELL', 'strike': 24300, 'option_type': 'CE', 'premium': 7.41, 'iv': 0.13}, {'action': 'BUY', 'strike': 24500, 'option_type': 'CE', 'premium': 0.82, 'iv': 0.13}]",23951.9,11.71,2026-05-06 09:15:00+05:30,24175.8,25.93,stop,-1066.63,54
2026-05-06,2026-05-06 11:00:00+05:30,auto_iron_condor,iron_condor,"[{'action': 'SELL', 'strike': 23800, 'option_type': 'PE', 'premium': 2.9, 'iv': 0.13}, {'action': 'BUY', 'strike': 23650, 'option_type': 'PE', 'premium': 0.21, 'iv': 0.13}, {'action': 'SELL', 'strike': 24350, 'option_type': 'CE', 'premium': 3.43, 'iv': 0.13}, {'action': 'BUY', 'strike': 24550, 'option_type': 'CE', 'premium': 0.11, 'iv': 0.13}]",24074.45,6.01,2026-05-06 14:20:00+05:30,24250.5,27.73,stop,-1628.69,40
2026-05-12,2026-05-12 11:00:00+05:30,auto_iron_condor,iron_condor,"[{'action': 'SELL', 'strike': 23250, 'option_type': 'PE', 'premium': 5.91, 'iv': 0.13}, {'action': 'BUY', 'strike': 23050, 'option_type': 'PE', 'premium': 0.53, 'iv': 0.13}, {'action': 'SELL', 'strike': 23950, 'option_type': 'CE', 'premium': 6.2, 'iv': 0.13}, {'action': 'BUY', 'strike': 24150, 'option_type': 'CE', 'premium': 0.63, 'iv': 0.13}]",23590.6,10.95,2026-05-12 14:50:00+05:30,23433.75,22.18,stop,-842.02,46
2026-05-13,2026-05-13 11:00:00+05:30,auto_iron_condor,iron_condor,"[{'action': 'SELL', 'strike': 23150, 'option_type': 'PE', 'premium': 3.53, 'iv': 0.13}, {'action': 'BUY', 'strike': 23000, 'option_type': 'PE', 'premium': 0.25, 'iv': 0.13}, {'action': 'SELL', 'strike': 23650, 'option_type': 'CE', 'premium': 4.45, 'iv': 0.13}, {'action': 'BUY', 'strike': 23850, 'option_type': 'CE', 'premium': 0.14, 'iv': 0.13}]",23402.05,7.59,2026-05-13 11:40:00+05:30,23498.6,18.7,stop,-833.54,8
2026-05-19,2026-05-19 11:00:00+05:30,auto_iron_condor,iron_condor,"[{'action': 'SELL', 'strike': 23400, 'option_type': 'PE', 'premium': 5.44, 'iv': 0.13}, {'action': 'BUY', 'strike': 23200, 'option_type': 'PE', 'premium': 0.48, 'iv': 0.13}, {'action': 'SELL', 'strike': 24100, 'option_type': 'CE', 'premium': 7.12, 'iv': 0.13}, {'action': 'BUY', 'strike': 24300, 'option_type': 'CE', 'premium': 0.76, 'iv': 0.13}]",23751.55,11.32,2026-05-20 09:15:00+05:30,23459.9,38.14,stop,-2011.59,54
2026-05-20,2026-05-20 11:00:00+05:30,auto_iron_condor,iron_condor,"[{'action': 'SELL', 'strike': 23300, 'option_type': 'PE', 'premium': 3.03, 'iv': 0.13}, {'action': 'BUY', 'strike': 23150, 'option_type': 'PE', 'premium': 0.21, 'iv': 0.13}, {'action': 'SELL', 'strike': 23850, 'option_type': 'CE', 'premium': 2.65, 'iv': 0.13}, {'action': 'BUY', 'strike': 24000, 'option_type': 'CE', 'premium': 0.19, 'iv': 0.13}]",23564.45,5.28,2026-05-20 14:20:00+05:30,23674.1,11.76,stop,-486.08,40
2026-05-26,2026-05-26 11:00:00+05:30,auto_iron_condor,iron_condor,"[{'action': 'SELL', 'strike': 23700, 'option_type': 'PE', 'premium': 4.5, 'iv': 0.13}, {'action': 'BUY', 'strike': 23500, 'option_type': 'PE', 'premium': 0.39, 'iv': 0.13}, {'action': 'SELL', 'strike': 24450, 'option_type': 'CE', 'premium': 5.88, 'iv': 0.13}, {'action': 'BUY', 'strike': 24650, 'option_type': 'CE', 'premium': 0.61, 'iv': 0.13}]",24075.75,9.38,2026-05-26 14:35:00+05:30,23904.75,19.78,stop,-779.81,43
